z_m,ux_rms_m_s,uy_rms_m_s,uz_rms_m_s,centerline_duz_m_s
1.0052083333333333,0.0055454466,0.011083631,0.10703127,-0.5063291
1.015625,0.0060810563,0.012923716,0.10681699,-0.51030606
1.0260416666666667,0.0067652357,0.014901577,0.10670313,-0.51506555
1.0364583333333335,0.007611305,0.016655572,0.106698506,-0.52067643
1.046875,0.0086035,0.017948972,0.10679418,-0.5271318
1.0572916666666667,0.009702112,0.018644406,0.10696333,-0.5343648
1.0677083333333335,0.01085098,0.018845823,0.10716728,-0.54222107
1.078125,0.011999778,0.018753288,0.1073663,-0.55052537
1.0885416666666667,0.013094345,0.018548917,0.10752619,-0.5590816
1.0989583333333335,0.014085288,0.018366864,0.10761994,-0.567703
1.109375,0.014922654,0.01828592,0.10762337,-0.5762404
1.1197916666666667,0.015580511,0.018336896,0.107512325,-0.5845902
1.1302083333333335,0.016084606,0.018528085,0.10726199,-0.5927038
1.140625,0.016518945,0.018827012,0.106846996,-0.60046595
1.1510416666666667,0.016984368,0.019172866,0.10623782,-0.60772395
1.1614583333333335,0.0176192,0.019495819,0.10540303,-0.6142556
1.171875,0.01853382,0.019786265,0.10431438,-0.6198464
1.1822916666666667,0.019717831,0.020125996,0.10295668,-0.62417483
1.1927083333333335,0.021082545,0.02062996,0.10133317,-0.6268854
1.203125,0.022454618,0.021361105,0.099464715,-0.6276171
1.2135416666666667,0.023716718,0.02229521,0.097382315,-0.626066
1.2239583333333335,0.024796365,0.023355436,0.095120214,-0.6221452
1.234375,0.025665496,0.024457516,0.092711575,-0.6159575
1.2447916666666667,0.026290715,0.025522893,0.09018836,-0.6076426
1.2552083333333335,0.026674934,0.026495162,0.08758251,-0.59737813
1.265625,0.02683499,0.027342003,0.08492358,-0.58536714
1.2760416666666667,0.026786031,0.028034823,0.082238995,-0.5717977
1.2864583333333335,0.026555229,0.02856098,0.07955395,-0.5568454
1.296875,0.026151743,0.02893237,0.07689197,-0.5406799
1.3072916666666667,0.025604257,0.02915881,0.0742722,-0.52345175
1.3177083333333335,0.02492904,0.029262185,0.07171069,-0.5052828
1.328125,0.024154875,0.029272689,0.069219664,-0.4863034
1.3385416666666667,0.023292417,0.029210284,0.06680726,-0.46662772
1.3489583333333335,0.02236716,0.029088082,0.06448035,-0.4463653
1.359375,0.021391813,0.028916594,0.062243782,-0.42567325
1.3697916666666667,0.02038973,0.028706921,0.06010116,-0.40475506
1.3802083333333335,0.019374505,0.028470092,0.05805537,-0.38399264
1.390625,0.018368363,0.02821279,0.0561092,-0.3639322
1.4010416666666667,0.017390497,0.027941206,0.054265566,-0.34513104
1.4114583333333335,0.016464045,0.027660314,0.052528266,-0.32805198
1.421875,0.015618416,0.027371908,0.050901048,-0.31301555
1.4322916666666667,0.014882898,0.02708118,0.04938874,-0.30016586
1.4427083333333335,0.014292753,0.026787223,0.047996864,-0.28941178
1.453125,0.013880229,0.026489008,0.046731774,-0.280573
1.4635416666666667,0.013675181,0.026195483,0.045601916,-0.27355364
1.4739583333333335,0.013702483,0.025914803,0.044616506,-0.2682413
1.484375,0.013971076,0.025646798,0.043785464,-0.2644054
1.4947916666666667,0.014475223,0.025399778,0.04311841,-0.26178178
1.5052083333333335,0.015198663,0.02518676,0.04262419,-0.2602205
1.515625,0.016112568,0.025022868,0.042309962,-0.25944954
1.5260416666666667,0.017181259,0.024929013,0.04218096,-0.25911677
1.5364583333333335,0.018373473,0.02493119,0.042238627,-0.25888833
1.546875,0.019645741,0.02505441,0.042480923,-0.25849968
1.5572916666666667,0.020972798,0.025338994,0.042901985,-0.25779223
1.5677083333333335,0.022310408,0.025797948,0.04349353,-0.2565768
1.578125,0.023636863,0.02644593,0.044245057,-0.25482175
1.5885416666666667,0.024917563,0.027273815,0.045145597,-0.25255033
1.5989583333333335,0.026122857,0.02826661,0.046183627,-0.2498392
1.609375,0.027221575,0.029382866,0.047345225,-0.24684055
1.6197916666666667,0.028182888,0.030592598,0.048614357,-0.24373467
1.6302083333333335,0.028998185,0.031842276,0.049972292,-0.2406716
1.640625,0.029655289,0.033099607,0.05139837,-0.23775095
1.6510416666666667,0.030161617,0.03432839,0.052872162,-0.23506066
1.6614583333333335,0.030523775,0.035530705,0.0543748,-0.23264186
1.6718750000000002,0.030739872,0.036724653,0.055891216,-0.23049606
1.6822916666666667,0.030803878,0.0379517,0.057412516,-0.22862285
1.6927083333333335,0.030704299,0.03926655,0.058936283,-0.22700824
1.7031250000000002,0.030408317,0.04070048,0.060468297,-0.22562382
1.7135416666666667,0.029876646,0.042205777,0.062018286,-0.2244433
1.7239583333333335,0.029118644,0.04361659,0.06359383,-0.22344415
1.7343750000000002,0.028146455,0.044641174,0.06518761,-0.22260189
1.7447916666666667,0.026947565,0.044726796,0.06673949,-0.22189848
1.7552083333333335,0.025515879,0.044075705,0.06814961,-0.22131763
1.7656250000000002,0.023932476,0.042545587,0.069302045,-0.22085124
1.7760416666666667,0.022441009,0.040102594,0.07005507,-0.22048455
1.7864583333333335,0.021379815,0.037032533,0.07027866,-0.22022106
1.7968750000000002,0.020985981,0.03366727,0.06988921,-0.22005653
1.8072916666666667,0.021265412,0.030361276,0.068856984,-0.21998455
1.8177083333333335,0.022000924,0.027444767,0.067205794,-0.22000472
1.8281250000000002,0.02288854,0.025156705,0.065005586,-0.22009224
1.8385416666666667,0.023658168,0.02357918,0.062357694,-0.22021407
1.8489583333333335,0.024122665,0.022622446,0.059382178,-0.2203276
1.8593750000000002,0.024213165,0.022072924,0.05620649,-0.22037672
1.8697916666666667,0.023941286,0.021696618,0.05295059,-0.22027922
1.8802083333333335,0.023327492,0.02126083,0.049724218,-0.21996504
1.8906250000000002,0.022478918,0.020607326,0.046620786,-0.21936126
1.9010416666666667,0.021462977,0.019781308,0.04370586,-0.21840763
1.9114583333333335,0.020335961,0.018836083,0.041015,-0.21705623
1.9218750000000002,0.019149572,0.017815128,0.03856258,-0.21528822
1.9322916666666667,0.017947638,0.016757034,0.036348667,-0.21310394
1.9427083333333335,0.016764384,0.015696228,0.034364063,-0.21053377
1.9531250000000002,0.01562314,0.014660368,0.032593787,-0.20762534
1.9635416666666667,0.014538102,0.013668281,0.031019721,-0.20444454
1.9739583333333335,0.013516934,0.01273128,0.029622717,-0.20106715
1.9843750000000002,0.012562262,0.0118555585,0.028384537,-0.19757354
1.9947916666666667,0.011673932,0.011041876,0.02728755,-0.19403951
2.0052083333333335,0.010849668,0.010288433,0.026316196,-0.19053772
2.0156250000000004,0.010086244,0.009592097,0.025456203,-0.18712912
2.026041666666667,0.009379999,0.008948897,0.02469537,-0.18386303
2.036458333333334,0.008726974,0.008354643,0.024022693,-0.18077509
2.0468750000000004,0.008123496,0.007805123,0.02342865,-0.17788862
2.057291666666667,0.007565904,0.007297006,0.022904925,-0.17521869
2.067708333333334,0.0070508355,0.0068271817,0.022443905,-0.17276956
2.0781250000000004,0.0065752855,0.006392196,0.022039093,-0.17053695
2.088541666666667,0.006136537,0.005989696,0.021684706,-0.16851526
2.098958333333334,0.0057320567,0.0056176186,0.021375323,-0.16669361
2.1093750000000004,0.0053597298,0.005273416,0.021106357,-0.16505235
2.119791666666667,0.005017695,0.004955795,0.02087367,-0.16357642
2.130208333333334,0.004704275,0.004663752,0.020673348,-0.16224791
2.1406250000000004,0.0044179605,0.004395481,0.02050212,-0.16104549
2.151041666666667,0.0041574705,0.004150391,0.020356681,-0.15995196
2.161458333333334,0.003921579,0.0039282553,0.020234412,-0.15894973
2.1718750000000004,0.0037091414,0.003727725,0.020132475,-0.15801969
2.182291666666667,0.0035189232,0.0035481579,0.0200484,-0.15714608
2.192708333333334,0.0033498907,0.0033896773,0.019980062,-0.15631448
2.2031250000000004,0.0032007094,0.0032513188,0.019925274,-0.15551168
2.213541666666667,0.0030702401,0.0031317316,0.019882143,-0.15472592
2.223958333333334,0.0029572737,0.0030306848,0.019848777,-0.15394698
2.2343750000000004,0.0028604073,0.002947314,0.019823715,-0.15316626
2.244791666666667,0.002778417,0.0028802343,0.019805167,-0.1523763
2.255208333333334,0.0027099885,0.0028278278,0.019791912,-0.15157098
2.2656250000000004,0.002653832,0.0027892683,0.019782616,-0.15074569
2.276041666666667,0.0026087677,0.0027631642,0.01977611,-0.14989659
2.286458333333334,0.0025736035,0.0027480992,0.019771378,-0.14902085
2.2968750000000004,0.002547351,0.0027426158,0.019767469,-0.14811668
2.307291666666667,0.0025290218,0.0027455254,0.019763747,-0.14718299
2.317708333333334,0.0025176783,0.0027557716,0.019759519,-0.14621915
2.3281250000000004,0.002512639,0.002772324,0.019754205,-0.14522508
2.338541666666667,0.0025131046,0.0027942695,0.019747354,-0.14420126
2.348958333333334,0.0025185107,0.0028207533,0.019738749,-0.14314884
2.3593750000000004,0.0025282558,0.0028510685,0.019728158,-0.14206891
2.369791666666667,0.0025418762,0.0028846343,0.019715326,-0.14096297
2.380208333333334,0.0025589427,0.0029209196,0.019700289,-0.13983256
2.3906250000000004,0.0025790357,0.0029595294,0.019682974,-0.13867947
2.401041666666667,0.002601783,0.0030001155,0.019663531,-0.13750568
2.411458333333334,0.0026268063,0.003042355,0.019641917,-0.1363132
2.4218750000000004,0.0026538162,0.0030859956,0.019618314,-0.13510424
2.432291666666667,0.0026825487,0.0031308022,0.019592838,-0.13388102
2.442708333333334,0.002712684,0.0031765983,0.019565698,-0.13264598
2.4531250000000004,0.0027440267,0.003223233,0.019536996,-0.13140148
2.463541666666667,0.0027763192,0.0032705222,0.019506978,-0.13015
2.473958333333334,0.002809353,0.0033183494,0.0194758,-0.12889391
2.4843750000000004,0.0028429436,0.0033666117,0.019443557,-0.12763551
2.494791666666667,0.002876895,0.003415208,0.01941048,-0.12637714
2.505208333333334,0.0029110357,0.0034640478,0.019376688,-0.12512085
2.5156250000000004,0.002945203,0.0035130072,0.019342316,-0.12386874
2.526041666666667,0.0029792287,0.003561965,0.019307513,-0.12262276
2.536458333333334,0.0030129699,0.0036108051,0.019272363,-0.12138469
2.5468750000000004,0.003046239,0.003659466,0.019236991,-0.12015632
2.557291666666667,0.0030788751,0.0037078413,0.01920137,-0.11893915
2.567708333333334,0.0031107478,0.0037558288,0.019165592,-0.117734686
2.5781250000000004,0.0031417215,0.0038032518,0.019129686,-0.11654438
2.588541666666667,0.0031716314,0.003850039,0.01909362,-0.115369506
2.598958333333334,0.0032003804,0.0038960888,0.01905736,-0.114211254
2.6093750000000004,0.003227842,0.003941245,0.019020818,-0.11307076
2.619791666666667,0.0032538634,0.0039853314,0.018984046,-0.11194886
2.630208333333334,0.0032783076,0.004028264,0.018946849,-0.11084656
2.6406250000000004,0.0033011616,0.0040698773,0.0189092,-0.10976439
2.651041666666667,0.0033223222,0.004110017,0.01887092,-0.10870305
2.661458333333334,0.0033416552,0.004148512,0.018831873,-0.10766289
2.6718750000000004,0.0033590724,0.004185214,0.018791966,-0.10664432
2.682291666666667,0.0033746026,0.004219921,0.018751005,-0.105647475
2.692708333333334,0.0033881997,0.0042525125,0.018708773,-0.1046726
2.7031250000000004,0.0033998024,0.004282783,0.01866521,-0.10371978
2.713541666666667,0.0034094276,0.0043105762,0.018620152,-0.10278898
2.723958333333334,0.0034170982,0.004335747,0.018573375,-0.101880245
2.7343750000000004,0.0034227585,0.0043580676,0.018524759,-0.10099353
2.744791666666667,0.0034264217,0.0043774173,0.01847414,-0.10012869
2.755208333333334,0.0034282159,0.0043936474,0.01842147,-0.09928534
2.7656250000000004,0.0034282482,0.0044067395,0.018366555,-0.09846331
2.776041666666667,0.0034265942,0.0044165947,0.018309327,-0.097662754
2.786458333333334,0.0034233162,0.004423062,0.018249677,-0.09688323
2.7968750000000004,0.0034184947,0.0044260444,0.018187707,-0.096124664
2.807291666666667,0.003412204,0.0044255923,0.01812324,-0.09538743
2.817708333333334,0.0034045312,0.0044217277,0.018056307,-0.094671525
2.8281250000000004,0.0033955686,0.004414358,0.017986953,-0.09397688
2.838541666666667,0.0033854155,0.0044035073,0.017915241,-0.0933038
2.848958333333334,0.0033741563,0.0043892115,0.017841171,-0.092652716
2.8593750000000004,0.0033618715,0.004371485,0.017764857,-0.092023715
2.869791666666667,0.0033486288,0.004350601,0.017686363,-0.09141673
2.880208333333334,0.0033345206,0.0043266835,0.01760595,-0.09083176
2.8906250000000004,0.003319599,0.0042996802,0.017523486,-0.09026919
2.901041666666667,0.0033039155,0.0042696916,0.01743943,-0.08972943
2.911458333333334,0.0032874886,0.0042368905,0.017353674,-0.0892131
2.9218750000000004,0.0032703725,0.0042014318,0.017266504,-0.08872115
2.932291666666667,0.003252617,0.004163454,0.017178101,-0.08825435
2.942708333333334,0.0032342698,0.0041231,0.01708848,-0.08781382
2.9531250000000004,0.0032153816,0.0040805037,0.016998034,-0.08740059
2.963541666666667,0.0031959806,0.0040358477,0.01690671,-0.087015755
2.973958333333334,0.003176031,0.0039892457,0.016814802,-0.08666065
2.9843750000000004,0.0031556347,0.003940887,0.016722439,-0.08633663
2.994791666666667,0.0031347843,0.0038909155,0.01662969,-0.086045116
3.005208333333334,0.0031135175,0.0038394486,0.016536836,-0.08578749
3.0156250000000004,0.0030919034,0.0037866274,0.016443903,-0.08556534
3.026041666666667,0.0030699081,0.0037326291,0.016350958,-0.085380435
3.036458333333334,0.0030475222,0.0036775593,0.016258322,-0.08523494
3.0468750000000004,0.0030248773,0.0036215412,0.016165871,-0.08513054
3.057291666666667,0.0030019775,0.003564733,0.016073847,-0.08506915
3.067708333333334,0.0029787193,0.0035072493,0.015982376,-0.085054286
3.0781250000000004,0.0029552681,0.0034492437,0.015891366,-0.08508817
3.088541666666667,0.00293168,0.0033907832,0.015801102,-0.08517185
3.098958333333334,0.002907817,0.0033320438,0.015711477,-0.0853102
3.1093750000000004,0.002883813,0.0032731136,0.015622632,-0.08550681
3.119791666666667,0.00285976,0.0032141043,0.015534685,-0.085763365
3.130208333333334,0.002835578,0.003155153,0.015447683,-0.0860804
3.1406250000000004,0.0028112999,0.0030963775,0.015361556,-0.08646724
3.151041666666667,0.002786983,0.0030379188,0.0152764665,-0.08692806
3.161458333333334,0.0027626152,0.002979853,0.015192312,-0.08746614
3.1718750000000004,0.0027382795,0.0029222993,0.015109242,-0.08808613
3.182291666666667,0.002713915,0.002865453,0.015027289,-0.08879203
3.192708333333334,0.0026895565,0.002809421,0.014946504,-0.08958761
3.2031250000000004,0.0026652575,0.0027542913,0.014866881,-0.090476006
3.213541666666667,0.0026410169,0.0027001996,0.014788429,-0.0914591
3.223958333333334,0.0026168353,0.0026472951,0.014711217,-0.092536785
3.2343750000000004,0.0025927585,0.0025957497,0.014635203,-0.093706734
3.244791666666667,0.0025687718,0.002545691,0.01456056,-0.094964534
3.255208333333334,0.002544903,0.0024972188,0.014487144,-0.09630268
3.2656250000000004,0.0025212222,0.0024504703,0.014415141,-0.09771078
3.276041666666667,0.002497694,0.0024056013,0.014344367,-0.09917793
3.286458333333334,0.0024743604,0.0023627535,0.014275131,-0.1006908
3.2968750000000004,0.0024512655,0.0023220505,0.014207224,-0.10223293
3.307291666666667,0.002428397,0.0022836134,0.01414079,-0.10378435
3.317708333333334,0.0024058102,0.0022475598,0.014075887,-0.10532427
3.3281250000000004,0.002383555,0.002213992,0.014012415,-0.106825486
3.3385416666666674,0.0023616764,0.002182993,0.013950545,-0.108257465
3.348958333333334,0.002340193,0.0021546585,0.013890246,-0.109591775
3.3593750000000004,0.0023191925,0.002129083,0.013831457,-0.11080771
3.3697916666666674,0.0022987586,0.0021062691,0.013774301,-0.11189832
3.380208333333334,0.00227892,0.0020862222,0.013718771,-0.11284384
3.3906250000000004,0.0022597886,0.0020689713,0.013664848,-0.11362779
3.4010416666666674,0.0022414664,0.00205441,0.013612628,-0.11424337
3.411458333333334,0.0022240267,0.002042632,0.013562047,-0.11467634
3.4218750000000004,0.002207605,0.002033537,0.013513116,-0.11491439
3.4322916666666674,0.0021922858,0.002027009,0.013465895,-0.11495773
3.442708333333334,0.0021782075,0.0020228822,0.0134203145,-0.11481345
3.4531250000000004,0.002165508,0.0020209756,0.013376369,-0.11447814
3.4635416666666674,0.002154248,0.002021297,0.013334066,-0.11396906
3.473958333333334,0.0021446284,0.0020236971,0.013293365,-0.11328994
3.4843750000000004,0.0021367832,0.002027903,0.013254231,-0.11245777
3.4947916666666674,0.0021307443,0.0020336604,0.013216606,-0.11148552
3.505208333333334,0.0021266297,0.0020408256,0.013180453,-0.11038586
3.5156250000000004,0.0021246367,0.002049357,0.013145728,-0.10917476
3.5260416666666674,0.0021247754,0.0020589828,0.013112332,-0.10786494
3.536458333333334,0.0021270597,0.0020693485,0.013080252,-0.10647753
3.5468750000000004,0.0021316034,0.0020803267,0.013049357,-0.10502699
3.5572916666666674,0.002138456,0.0020919207,0.013019601,-0.10352959
3.567708333333334,0.0021475283,0.00210388,0.012990893,-0.10199988
3.5781250000000004,0.0021588157,0.0021157889,0.012963131,-0.10045094
3.5885416666666674,0.0021723537,0.0021276593,0.012936227,-0.098894924
3.598958333333334,0.0021880167,0.0021395506,0.012910087,-0.09734335
3.6093750000000004,0.002205648,0.0021510744,0.012884577,-0.09580757
3.6197916666666674,0.00222522,0.0021620248,0.01285967,-0.09429773
3.630208333333334,0.0022466152,0.0021726065,0.012835191,-0.09282275
3.6406250000000004,0.0022695824,0.0021825829,0.012811105,-0.0913893
3.6510416666666674,0.002294004,0.0021917433,0.012787259,-0.09000257
3.661458333333334,0.0023197702,0.0022001856,0.012763615,-0.08866694
3.6718750000000004,0.002346616,0.0022078468,0.012740075,-0.08738628
3.6822916666666674,0.0023743636,0.0022145854,0.012716564,-0.08616416
3.692708333333334,0.002402875,0.002220382,0.012692958,-0.085003465
3.7031250000000004,0.002431908,0.0022253199,0.012669205,-0.08390672
3.7135416666666674,0.0024612953,0.0022292554,0.012645309,-0.08287593
3.723958333333334,0.002490875,0.002232231,0.012621172,-0.081912905
3.7343750000000004,0.0025204662,0.0022342962,0.012596689,-0.08101908
3.7447916666666674,0.0025498935,0.0022354405,0.012571915,-0.08019552
3.755208333333334,0.002579028,0.0022357486,0.012546739,-0.07944303
3.7656250000000004,0.0026075537,0.0022352578,0.012521178,-0.07876244
3.7760416666666674,0.0026352608,0.002234045,0.012495196,-0.07815471
3.786458333333334,0.0026622138,0.002232244,0.012468816,-0.07762064
3.7968750000000004,0.002688342,0.002229949,0.012442007,-0.07716068
3.8072916666666674,0.002713571,0.0022273236,0.01241484,-0.07677523
3.817708333333334,0.0027377529,0.0022244619,0.012387254,-0.07646397
3.8281250000000004,0.002760823,0.0022215575,0.012359346,-0.07622729
3.8385416666666674,0.0027827404,0.0022187817,0.012331145,-0.07606477
3.848958333333334,0.0028034141,0.0022163168,0.012302707,-0.07597526
3.8593750000000004,0.0028228096,0.0022143251,0.012274057,-0.07596029
3.8697916666666674,0.0028409213,0.0022130283,0.012245268,-0.07601651
3.880208333333334,0.002857697,0.0022125856,0.012216408,-0.076137014
3.8906250000000004,0.0028731904,0.0022132488,0.0121875815,-0.076319106
3.9010416666666674,0.0028873426,0.0022152637,0.012158819,-0.076563925
3.911458333333334,0.0029001911,0.002218886,0.01213027,-0.07686995
3.9218750000000004,0.0029117335,0.002224315,0.012102052,-0.077230655
3.9322916666666674,0.0029219887,0.002231749,0.012074198,-0.07763963
3.942708333333334,0.0029310787,0.0022414122,0.012046868,-0.07809063
3.9531250000000004,0.0029390948,0.0022534793,0.012020145,-0.07857638
3.9635416666666674,0.0029460539,0.002268109,0.011994237,-0.07908873
3.973958333333334,0.0029520243,0.0022854665,0.011969184,-0.07961918
3.9843750000000004,0.002957054,0.0023057237,0.011945121,-0.08015827
3.9947916666666674,0.0029612686,0.0023289162,0.011922185,-0.08069524
4.005208333333333,0.0029647583,0.0023551711,0.011900532,-0.08122081
4.015625,0.002967656,0.002384538,0.011880369,-0.08172468
4.026041666666667,0.0029700985,0.0024169579,0.011861654,-0.08219402
4.036458333333334,0.0029722338,0.002452485,0.011844699,-0.08261723
4.046875,0.0029742164,0.0024909906,0.011829569,-0.08297928
4.057291666666667,0.0029762292,0.00253242,0.011816443,-0.083268754
4.067708333333334,0.0029784027,0.0025766932,0.011805427,-0.08347494
4.078125,0.002980992,0.002623589,0.011796688,-0.08358133
4.088541666666667,0.0029841878,0.0026730055,0.011790376,-0.08356642
4.098958333333334,0.0029881834,0.0027246042,0.011786607,-0.08342298
4.109375,0.00299325,0.0027782547,0.011785547,-0.083140105
4.119791666666667,0.0029996128,0.0028336847,0.0117873065,-0.082703955
4.130208333333334,0.0030075323,0.002890704,0.011792042,-0.08210366
4.140625,0.0030173168,0.002949096,0.011799815,-0.08133393
4.151041666666667,0.0030291423,0.0030086385,0.0118108075,-0.08038983
4.161458333333334,0.0030432318,0.0030692045,0.01182503,-0.07927327
4.171875,0.0030599507,0.0031307014,0.011842596,-0.077986464
4.182291666666667,0.0030794083,0.0031931153,0.011863549,-0.07654241
4.192708333333334,0.0031017999,0.0032565228,0.01188791,-0.074950755
4.203125,0.0031272755,0.003321024,0.011915705,-0.07322033
4.213541666666667,0.0031560042,0.003386834,0.011946914,-0.07136701
4.223958333333334,0.0031878962,0.0034541686,0.011981473,-0.06941204
4.234375,0.003223039,0.0035233158,0.012019306,-0.067376286
4.244791666666667,0.0032613683,0.0035946018,0.0120603405,-0.06527804
4.255208333333334,0.0033027122,0.003668292,0.012104557,-0.06313435
4.265625,0.0033469857,0.0037446653,0.012151722,-0.06096261
4.276041666666667,0.0033938452,0.0038239225,0.01220179,-0.058779404
4.286458333333334,0.003443281,0.0039062023,0.0122546805,-0.056600187
4.296875,0.0034947782,0.003991545,0.012310214,-0.05443935
4.307291666666667,0.0035483239,0.0040799584,0.012368356,-0.052310474
4.317708333333334,0.0036034535,0.004171261,0.01242909,-0.05022656
4.328125,0.0036600092,0.004265347,0.012492317,-0.048199758
4.338541666666667,0.0037175897,0.004361893,0.012558096,-0.046241395
4.348958333333334,0.003776188,0.004460619,0.012626488,-0.04436181
4.359375,0.003835323,0.0045612254,0.012697542,-0.04256997
4.369791666666667,0.0038949405,0.0046633375,0.01277145,-0.040873654
4.380208333333334,0.0039546434,0.004766655,0.012848347,-0.03927942
4.390625,0.004014235,0.0048708334,0.012928441,-0.037792258
4.401041666666667,0.004073563,0.0049754386,0.013011894,-0.03641565
4.411458333333334,0.004132404,0.005080267,0.013098905,-0.035151634
4.421875,0.0041907905,0.0051852455,0.0131896855,-0.03400083
4.432291666666667,0.0042484156,0.0052900803,0.013284358,-0.03296216
4.442708333333334,0.0043056477,0.0053943438,0.013383024,-0.03203335
4.453125,0.0043623624,0.0054977094,0.013485724,-0.03121078
4.463541666666667,0.0044191596,0.0055996347,0.013592418,-0.030489948
4.473958333333334,0.004476235,0.0056995144,0.013702987,-0.029864073
4.484375,0.004534615,0.005796699,0.0138173755,-0.029325644
4.494791666666667,0.0045942855,0.0058902353,0.013935228,-0.028865874
4.505208333333334,0.0046566236,0.0059795785,0.014056251,-0.028475324
4.515625,0.0047218413,0.006063476,0.014180191,-0.028144943
4.526041666666667,0.0047902293,0.006141524,0.014306636,-0.027863767
4.536458333333334,0.00486226,0.0062126643,0.014435187,-0.027622528
4.546875,0.0049374937,0.0062764976,0.014565452,-0.027411388
4.557291666666667,0.0050155423,0.006332528,0.014697054,-0.027219912
4.567708333333334,0.005095497,0.00638052,0.014829607,-0.027039025
4.578125,0.0051761754,0.0064205085,0.014962743,-0.026859734
4.588541666666667,0.0052563027,0.0064525427,0.015096135,-0.026673708
4.598958333333334,0.005334059,0.0064772028,0.015229547,-0.026473701
4.609375,0.0054077567,0.0064948928,0.015362545,-0.026253402
4.619791666666667,0.0054759583,0.0065063382,0.015494959,-0.026007393
4.630208333333334,0.0055373493,0.006512819,0.015626553,-0.02573106
4.640625,0.005590934,0.0065151597,0.015757091,-0.025420811
4.651041666666667,0.005635974,0.0065148575,0.015886411,-0.025073707
4.661458333333334,0.005672098,0.006513021,0.016014418,-0.024687655
4.671875,0.0056998204,0.0065109627,0.01614094,-0.024261156
4.682291666666667,0.005719782,0.0065099415,0.016265886,-0.0237933
4.692708333333334,0.005732384,0.006511002,0.016389133,-0.02328374
4.703125,0.005738097,0.0065149977,0.016510833,-0.022732701
4.713541666666667,0.005737977,0.0065224604,0.016630935,-0.022140881
4.723958333333334,0.0057330555,0.0065336465,0.016749585,-0.02150966
4.734375,0.0057243523,0.006548409,0.016866924,-0.020841109
4.744791666666667,0.005713111,0.006566369,0.016983198,-0.020138297
4.755208333333334,0.005700682,0.006586577,0.017098684,-0.019404836
4.765625,0.0056881323,0.006607895,0.017213682,-0.018644657
4.776041666666667,0.0056764265,0.0066291103,0.017328644,-0.017862102
4.786458333333334,0.0056664357,0.0066488697,0.017443875,-0.017066875
4.796875,0.005658966,0.0066660447,0.01755977,-0.01627477
4.807291666666667,0.00565441,0.006681412,0.017676726,-0.0154988505
4.817708333333334,0.0056534633,0.0066954484,0.017794875,-0.014748229
4.828125,0.005658591,0.006707253,0.017914431,-0.014033973
4.838541666666667,0.005670727,0.006715853,0.018035483,-0.013368805
4.848958333333334,0.0056892904,0.0067209355,0.018157931,-0.012765288
4.859375,0.0057142107,0.006722488,0.018281734,-0.012235139
4.869791666666667,0.0057460526,0.0067208316,0.018406544,-0.011789243
4.880208333333334,0.005785263,0.006716451,0.01853203,-0.011437569
4.890625,0.005832124,0.0067099268,0.018657696,-0.011191726
4.901041666666667,0.0058868183,0.0067020548,0.018783068,-0.01106245
4.911458333333334,0.005949062,0.006693804,0.018907666,-0.011045072
4.921875,0.0060184,0.00668649,0.019030966,-0.011128115
4.932291666666667,0.006094105,0.0066818492,0.019152567,-0.011295365
4.942708333333334,0.0061750235,0.006682054,0.019272147,-0.011557466
4.953125,0.006259842,0.0066897776,0.01938964,-0.011920009
4.963541666666667,0.006346728,0.0067078983,0.019505309,-0.01237246
4.973958333333334,0.006433776,0.0067391847,0.019619424,-0.012909127
4.984375,0.0065187365,0.006786374,0.019732809,-0.013535228
4.994791666666667,0.0065992516,0.0068523423,0.019846227,-0.014264484
5.005208333333334,0.006673263,0.0069396636,0.019960692,-0.01511393
5.015625,0.0067391307,0.0070504537,0.020076977,-0.016100254
5.026041666666667,0.006796243,0.0071857264,0.020195758,-0.017217942
5.036458333333334,0.006844671,0.007343041,0.020317545,-0.018442107
5.046875,0.006885251,0.0075153904,0.020442368,-0.019785523
5.057291666666667,0.0069190264,0.007692015,0.020569691,-0.02126015
5.067708333333334,0.0069478047,0.007854807,0.02069832,-0.022793135
5.078125,0.0069760433,0.00797785,0.020826094,-0.024275562
5.088541666666667,0.007007402,0.008044438,0.020949932,-0.025619753
5.098958333333334,0.0070436276,0.0080743795,0.021066511,-0.026728366
5.109375,0.007087882,0.008073684,0.02117327,-0.027521499
5.119791666666667,0.007144284,0.0080434885,0.021266803,-0.027962664
5.130208333333334,0.0072162487,0.00800001,0.021344626,-0.028043376
5.140625,0.007307628,0.007967251,0.02140464,-0.02782111
5.151041666666667,0.0074222228,0.007969357,0.021446653,-0.02738497
5.161458333333334,0.007560884,0.008024167,0.02147183,-0.026748426
5.171875,0.00772149,0.008139916,0.021483006,-0.025949525
5.182291666666667,0.0079000695,0.008314636,0.021484321,-0.025027474
5.192708333333334,0.008091661,0.008538691,0.021480784,-0.024010189
5.203125,0.008290992,0.008798489,0.021477362,-0.022919
5.213541666666667,0.008494145,0.009081587,0.021479096,-0.021768471
5.223958333333334,0.008699496,0.009378476,0.021490166,-0.020567073
5.234375,0.008905805,0.009683398,0.021514146,-0.019331655
5.244791666666667,0.009112641,0.00999417,0.021553786,-0.01807917
5.255208333333334,0.009321905,0.010311483,0.021611253,-0.016809331
5.265625,0.009535407,0.010637833,0.021687906,-0.015525116
5.276041666666667,0.009754582,0.010976217,0.021784939,-0.014233311
5.286458333333334,0.009979456,0.0113298325,0.021902796,-0.012928625
5.296875,0.010209911,0.011702455,0.022042017,-0.011599998
5.307291666666667,0.010443118,0.012097872,0.022202943,-0.010237191
5.317708333333334,0.010673638,0.012519688,0.022385485,-0.008830468
5.328125,0.010906964,0.012971297,0.02258985,-0.007370571
5.338541666666667,0.011150574,0.013454521,0.022816503,-0.005850348
5.348958333333334,0.011408352,0.013967543,0.023066334,-0.0042666197
5.359375,0.011697625,0.014499356,0.023340082,-0.002621929
5.369791666666667,0.012051874,0.015026184,0.023638245,-0.00092532235
5.380208333333334,0.012507758,0.015526405,0.023960788,0.00080820586
5.390625,0.013098967,0.01598984,0.02430758,0.0025596486
5.401041666666667,0.013841173,0.016394317,0.02467936,0.0043075085
5.411458333333334,0.0147183435,0.01673619,0.025077734,0.006029341
5.421875,0.015668979,0.017048381,0.02550313,0.0077032843
5.432291666666667,0.016580336,0.01739163,0.025954694,0.00930916
5.442708333333334,0.017316706,0.0178279,0.026432548,0.010829992
5.453125,0.017847337,0.018391836,0.026938174,0.012253033
5.463541666666667,0.018220462,0.019074906,0.027469467,0.013570428
5.473958333333334,0.018457482,0.019833721,0.028019736,0.014778501
5.484375,0.018597173,0.020620475,0.02858094,0.015876817
5.494791666666667,0.018709654,0.021387788,0.02914424,0.016866617
5.505208333333334,0.018861614,0.022092402,0.029700886,0.017750919
5.515625,0.019095702,0.022719417,0.030244203,0.01853421
5.526041666666667,0.019432943,0.02326609,0.030770065,0.019222736
5.536458333333334,0.019868553,0.023729254,0.031277236,0.019823551
5.546875,0.020379294,0.02411514,0.031766772,0.02034376
5.557291666666667,0.020942632,0.024463404,0.032244828,0.02079114
5.567708333333334,0.021542994,0.024797998,0.03272116,0.02117255
5.578125,0.02216761,0.025141612,0.033206787,0.021493865
5.588541666666667,0.0227982,0.025508242,0.03371164,0.0217608
5.598958333333334,0.023410056,0.025915226,0.034246244,0.021978624
5.609375,0.02397806,0.026381746,0.0348216,0.022152238
5.619791666666667,0.024474258,0.026920369,0.035449743,0.022285469
5.630208333333334,0.024870437,0.027535282,0.03614208,0.022379398
5.640625,0.02515978,0.028223213,0.03690729,0.02243311
5.651041666666667,0.025346328,0.028972454,0.037749514,0.022443984
5.661458333333334,0.025424244,0.029761735,0.03866531,0.022408102
5.671875,0.025407977,0.030546095,0.039641004,0.022324549
5.682291666666667,0.025316428,0.031242555,0.040651448,0.022197803
5.692708333333334,0.025153916,0.0317403,0.041660435,0.022029791
5.703125,0.024914939,0.031988844,0.042624075,0.021814505
5.713541666666667,0.024591008,0.032011516,0.043498084,0.021555178
5.723958333333334,0.024178397,0.03184101,0.044239853,0.021255307
5.734375,0.023685103,0.03150728,0.044807725,0.020920362
5.744791666666667,0.023130821,0.031053133,0.04516037,0.020556338
5.755208333333334,0.022550298,0.030551521,0.04526153,0.020170258
5.765625,0.021983886,0.03009038,0.04508401,0.019769715
5.776041666666667,0.021462945,0.029748121,0.044616356,0.019362118
5.786458333333334,0.021005632,0.029555762,0.043867603,0.018954217
5.796875,0.020609453,0.029482301,0.042866405,0.018551417
5.807291666666667,0.02025459,0.029454289,0.041658383,0.018156601
5.817708333333334,0.01991464,0.029391276,0.04029792,0.017771145
5.828125,0.019564915,0.029226663,0.038841955,0.017394193
5.838541666666667,0.019177843,0.028929861,0.037343655,0.017023332
5.848958333333334,0.018741427,0.028516058,0.03584694,0.016657405
5.859375,0.018275842,0.028005496,0.03438195,0.016295658
5.869791666666667,0.017788282,0.027416863,0.032967977,0.015938401
5.880208333333334,0.017285395,0.026770515,0.03161644,0.015585469
5.890625,0.016776163,0.02608815,0.03033336,0.015236199
5.901041666666667,0.016270963,0.025389696,0.02912105,0.014892247
5.911458333333334,0.015778828,0.024690842,0.027979147,0.0145573085
5.921875,0.01530731,0.024002803,0.02690587,0.014235814
5.932291666666667,0.014861387,0.023333423,0.025898159,0.013931877
5.942708333333334,0.014443284,0.02268786,0.02495245,0.013648007
5.953125,0.014053333,0.02206936,0.02406496,0.013383706
5.963541666666667,0.0136902165,0.021479858,0.023231653,0.013134573
5.973958333333334,0.0133515885,0.02092041,0.02244862,0.012890584
5.984375,0.013034783,0.02038983,0.021711705,0.012634993
5.994791666666667,0.012736314,0.019885868,0.02101725,0.012344493
6.005208333333334,0.012454296,0.019405978,0.020361623,0.011985872
6.015625,0.01218704,0.018946664,0.019741584,0.011515571
6.026041666666667,0.011932556,0.018504074,0.019154467,0.010884404
6.036458333333334,0.011689014,0.018074041,0.018597675,0.010048654
6.046875,0.011453843,0.017652381,0.01806907,0.008973863
6.057291666666667,0.011223531,0.017234826,0.017566884,0.007630348
6.067708333333334,0.010993071,0.016816813,0.017089505,0.0060046315
6.078125,0.010757133,0.016392445,0.016635371,0.004117065
6.088541666666667,0.01051024,0.01595436,0.016202958,0.0020094514
6.098958333333334,0.010248989,0.015497169,0.015790002,-0.000264287
6.109375,0.009972249,0.0150282625,0.015394462,-0.002624313
6.119791666666667,0.009679322,0.014545977,0.015014327,-0.0049774777
6.130208333333334,0.00937206,0.0140446145,0.014647135,-0.0072443155
6.140625,0.009054358,0.0135233905,0.014289872,-0.009372241
6.151041666666667,0.008730689,0.012984184,0.01393938,-0.011331041
6.161458333333334,0.008405549,0.012431521,0.013592756,-0.0131045645
6.171875,0.008082091,0.011872391,0.013247455,-0.01469091
6.182291666666667,0.0077625923,0.011315719,0.012901462,-0.01610107
6.192708333333334,0.0074502537,0.010771726,0.012553405,-0.017353998
6.203125,0.0071493126,0.01025062,0.012203186,-0.01847142
6.213541666666667,0.0068615633,0.009761944,0.011851747,-0.019473203
6.223958333333334,0.0065893666,0.009312584,0.01150167,-0.020374537
6.234375,0.0063362084,0.008906966,0.0111568635,-0.021184597
6.244791666666667,0.0061052563,0.008544871,0.010822133,-0.02190768
6.255208333333334,0.005899446,0.008223353,0.010503362,-0.02254518
6.265625,0.005721145,0.007937847,0.010207503,-0.023097701
6.276041666666667,0.005571792,0.0076818047,0.009942263,-0.023561643
6.286458333333334,0.005451693,0.0074470104,0.00971603,-0.023938153
6.296875,0.005355635,0.0072258767,0.009537395,-0.024233554
6.307291666666667,0.0052659404,0.007016922,0.009414224,-0.024458395
6.317708333333334,0.005156893,0.006817397,0.0093518365,-0.024619825
6.328125,0.0050288355,0.0066222325,0.009352405,-0.024718404
6.338541666666667,0.004880266,0.0064279176,0.009415086,-0.024770088
6.348958333333334,0.0046973396,0.006232427,0.009535466,-0.02479885
6.359375,0.0044757817,0.0060351104,0.00970513,-0.024807526
6.369791666666667,0.0042268573,0.0058365804,0.0099127665,-0.024794824
6.380208333333334,0.003973661,0.0056382907,0.010145838,-0.024771426
6.390625,0.0037471803,0.005442031,0.010392399,-0.024752365
6.401041666666667,0.0035791842,0.0052497536,0.010642083,-0.024753967
6.411458333333334,0.0034935428,0.0050633685,0.0108868,-0.024792373
6.421875,0.0034989582,0.0048844335,0.011120814,-0.024881218
6.432291666666667,0.0035867884,0.0047138804,0.011340498,-0.025030056
6.442708333333334,0.0037352755,0.0045528174,0.011543819,-0.02523913
6.453125,0.003918475,0.00440191,0.011729921,-0.025515536
6.463541666666667,0.004115095,0.004260498,0.011898685,-0.025859807
6.473958333333334,0.004307606,0.0041279355,0.012050865,-0.026262429
6.484375,0.004482492,0.00400348,0.012187548,-0.026707968
6.494791666666667,0.0046287104,0.0038860424,0.012310131,-0.027176844
6.505208333333334,0.0047440664,0.0037744336,0.012420186,-0.027648695
6.515625,0.0048309145,0.0036673099,0.012518966,-0.028104259
6.526041666666667,0.0048896926,0.0035635184,0.012607398,-0.028526194
6.536458333333334,0.004921515,0.003462332,0.012686302,-0.02889973
6.546875,0.0049278894,0.0033630864,0.012756325,-0.029214012
6.557291666666667,0.004910755,0.003265231,0.012817852,-0.029455854
6.567708333333334,0.0048721777,0.0031687743,0.012871282,-0.029626569
6.578125,0.004814472,0.0030738905,0.012916809,-0.0297335
6.588541666666667,0.0047401986,0.002980979,0.01295485,-0.029783785
6.598958333333334,0.004651946,0.0028907496,0.012985561,-0.029784957
6.609375,0.0045521404,0.0028040956,0.013009163,-0.029743275
6.619791666666667,0.0044430303,0.002721777,0.013026004,-0.029668609
6.630208333333334,0.004326675,0.0026446,0.013036348,-0.029571943
6.640625,0.0042049605,0.0025731851,0.013040589,-0.029462947
6.651041666666667,0.0040795906,0.0025080445,0.0130391,-0.029351804
6.661458333333334,0.0039521824,0.0024495316,0.01303227,-0.029248144
6.671875000000001,0.003824127,0.0023976157,0.013020558,-0.02916015
6.682291666666667,0.003696637,0.0023522777,0.013004423,-0.029094027
6.692708333333334,0.0035707187,0.0023131552,0.01298433,-0.029053025
6.703125000000001,0.003447281,0.0022797657,0.012960769,-0.029041622
6.713541666666667,0.0033268584,0.002251611,0.012934197,-0.029058754
6.723958333333334,0.003209984,0.0022279758,0.012905078,-0.029104896
6.734375000000001,0.0030969277,0.002208248,0.0128738275,-0.029181097
6.744791666666667,0.002987885,0.0021917683,0.0128408605,-0.029285736
6.755208333333334,0.0028828972,0.0021779144,0.01280659,-0.029415905
6.765625000000001,0.002781973,0.0021661557,0.012771315,-0.02956817
6.776041666666667,0.0026850565,0.0021560001,0.012735337,-0.029739372
6.786458333333334,0.0025920104,0.0021470194,0.012698957,-0.029925128
6.796875000000001,0.0025026985,0.0021389064,0.012662391,-0.030122042
6.807291666666667,0.002416995,0.0021313315,0.012625853,-0.030326724
6.817708333333334,0.0023346841,0.0021241165,0.012589533,-0.030536644
6.828125000000001,0.0022556435,0.002117042,0.01255354,-0.030748414
6.838541666666667,0.0021797142,0.0021100128,0.012518048,-0.030960254
6.848958333333334,0.0021067646,0.002102921,0.01248308,-0.031170368
6.859375000000001,0.0020365547,0.0020956837,0.012448755,-0.03137699
6.869791666666667,0.0019689368,0.0020882688,0.012415128,-0.031579502
6.880208333333334,0.0019038328,0.0020806405,0.012382257,-0.031777535
6.890625000000001,0.0018411779,0.0020727983,0.012350148,-0.031970993
6.901041666666667,0.0017808869,0.0020647286,0.012318825,-0.032159753
6.911458333333334,0.0017228939,0.002056438,0.012288267,-0.032343585
6.921875000000001,0.0016670981,0.0020479143,0.012258535,-0.03252302
6.932291666666667,0.0016134386,0.002039177,0.012229556,-0.032698758
6.942708333333334,0.0015618479,0.00203022,0.012201347,-0.03287161
6.953125000000001,0.0015122645,0.0020210538,0.0121739255,-0.033042505
6.963541666666667,0.0014646357,0.0020116782,0.012147223,-0.033212416
6.973958333333334,0.0014189042,0.0020020988,0.012121205,-0.03338215
6.984375000000001,0.0013750258,0.0019923402,0.012095862,-0.033552602
6.994791666666667,0.0013329514,0.0019823753,0.0120711755,-0.033724215
7.005208333333334,0.0012926349,0.0019722315,0.012047095,-0.033897817
7.015625000000001,0.0012540425,0.0019618806,0.012023596,-0.03407411
7.026041666666667,0.0012171431,0.001951349,0.012000674,-0.034254055
7.036458333333334,0.001181874,0.0019406277,0.011978232,-0.03443822
7.046875000000001,0.0011482063,0.0019297056,0.011956314,-0.034627635
